tenant,pre-pr-issue-id,vendor_type,status,created_on,updated_on,update_query
th214,818992,PRIMARY,CREATED,2025-08-12 11:40:16.804000,2025-08-12 11:40:20.423000,UPDATE th214.pre_purchase_issue_order SET vendor_type = 'REGULAR' WHERE id = 818992 AND vendor_type = 'PRIMARY';
th214,819010,PRIMARY,CREATED,2025-08-12 12:05:30.742000,2025-08-12 12:05:39.343000,UPDATE th214.pre_purchase_issue_order SET vendor_type = 'REGULAR' WHERE id = 819010 AND vendor_type = 'PRIMARY';
th214,819012,PRIMARY,CREATED,2025-08-12 12:13:53.655000,2025-08-12 12:14:17.055000,UPDATE th214.pre_purchase_issue_order SET vendor_type = 'REGULAR' WHERE id = 819012 AND vendor_type = 'PRIMARY';
th224,577003,PRIMARY,CREATED,2025-08-12 06:53:32.098000,2025-08-12 06:53:32.570000,UPDATE th224.pre_purchase_issue_order SET vendor_type = 'REGULAR' WHERE id = 577003 AND vendor_type = 'PRIMARY';
th224,577004,PRIMARY,CREATED,2025-08-12 06:54:31.386000,2025-08-12 06:54:34.577000,UPDATE th224.pre_purchase_issue_order SET vendor_type = 'REGULAR' WHERE id = 577004 AND vendor_type = 'PRIMARY';
th224,577081,PRIMARY,CREATED,2025-08-12 07:09:17.717000,2025-08-12 07:09:39.387000,UPDATE th224.pre_purchase_issue_order SET vendor_type = 'REGULAR' WHERE id = 577081 AND vendor_type = 'PRIMARY';
th224,577233,PRIMARY,CREATED,2025-08-12 08:52:27.757000,2025-08-12 08:52:34.684000,UPDATE th224.pre_purchase_issue_order SET vendor_type = 'REGULAR' WHERE id = 577233 AND vendor_type = 'PRIMARY';
th224,577283,PRIMARY,CREATED,2025-08-12 09:03:42.667000,2025-08-12 09:03:42.795000,UPDATE th224.pre_purchase_issue_order SET vendor_type = 'REGULAR' WHERE id = 577283 AND vendor_type = 'PRIMARY';
th224,577284,PRIMARY,CREATED,2025-08-12 09:04:34.547000,2025-08-12 09:04:36.949000,UPDATE th224.pre_purchase_issue_order SET vendor_type = 'REGULAR' WHERE id = 577284 AND vendor_type = 'PRIMARY';
th224,577285,PRIMARY,CREATED,2025-08-12 09:15:17.523000,2025-08-12 09:15:19.089000,UPDATE th224.pre_purchase_issue_order SET vendor_type = 'REGULAR' WHERE id = 577285 AND vendor_type = 'PRIMARY';
th224,577361,PRIMARY,CREATED,2025-08-12 10:11:20.642000,2025-08-12 10:11:28.609000,UPDATE th224.pre_purchase_issue_order SET vendor_type = 'REGULAR' WHERE id = 577361 AND vendor_type = 'PRIMARY';
th224,577480,PRIMARY,CREATED,2025-08-12 11:10:26.271000,2025-08-12 11:10:28.363000,UPDATE th224.pre_purchase_issue_order SET vendor_type = 'REGULAR' WHERE id = 577480 AND vendor_type = 'PRIMARY';
th224,577498,PRIMARY,CREATED,2025-08-12 11:29:26.748000,2025-08-12 11:29:29.030000,UPDATE th224.pre_purchase_issue_order SET vendor_type = 'REGULAR' WHERE id = 577498 AND vendor_type = 'PRIMARY';
th401,100578,PRIMARY,CREATED,2025-08-12 07:47:59.387000,2025-08-12 07:48:42.834000,UPDATE th401.pre_purchase_issue_order SET vendor_type = 'REGULAR' WHERE id = 100578 AND vendor_type = 'PRIMARY';
th401,100579,PRIMARY,CREATED,2025-08-12 07:48:41.910000,2025-08-12 07:48:47.281000,UPDATE th401.pre_purchase_issue_order SET vendor_type = 'REGULAR' WHERE id = 100579 AND vendor_type = 'PRIMARY';
th402,116949,PRIMARY,CREATED,2025-08-12 07:13:44.542000,2025-08-12 07:13:49.958000,UPDATE th402.pre_purchase_issue_order SET vendor_type = 'REGULAR' WHERE id = 116949 AND vendor_type = 'PRIMARY';
th403,16801,PRIMARY,CREATED,2025-08-12 06:50:37.593000,2025-08-12 06:51:47.885000,UPDATE th403.pre_purchase_issue_order SET vendor_type = 'REGULAR' WHERE id = 16801 AND vendor_type = 'PRIMARY';
th403,16802,PRIMARY,CREATED,2025-08-12 06:50:50.374000,2025-08-12 06:51:50.619000,UPDATE th403.pre_purchase_issue_order SET vendor_type = 'REGULAR' WHERE id = 16802 AND vendor_type = 'PRIMARY';
th403,16804,PRIMARY,CREATED,2025-08-12 06:52:10.807000,2025-08-12 06:52:11.950000,UPDATE th403.pre_purchase_issue_order SET vendor_type = 'REGULAR' WHERE id = 16804 AND vendor_type = 'PRIMARY';
th403,16805,PRIMARY,CREATED,2025-08-12 06:52:23.839000,2025-08-12 06:52:26.057000,UPDATE th403.pre_purchase_issue_order SET vendor_type = 'REGULAR' WHERE id = 16805 AND vendor_type = 'PRIMARY';
th405,15021,PRIMARY,CREATED,2025-08-12 07:18:02.030000,2025-08-12 07:18:25.832000,UPDATE th405.pre_purchase_issue_order SET vendor_type = 'REGULAR' WHERE id = 15021 AND vendor_type = 'PRIMARY';
th405,15063,PRIMARY,CREATED,2025-08-12 11:36:07.412000,2025-08-12 11:36:08.516000,UPDATE th405.pre_purchase_issue_order SET vendor_type = 'REGULAR' WHERE id = 15063 AND vendor_type = 'PRIMARY';
th408,42063,PRIMARY,CREATED,2025-08-12 09:47:58.703000,2025-08-12 09:48:00.915000,UPDATE th408.pre_purchase_issue_order SET vendor_type = 'REGULAR' WHERE id = 42063 AND vendor_type = 'PRIMARY';
th408,42071,PRIMARY,CREATED,2025-08-12 09:55:55.282000,2025-08-12 09:55:56.139000,UPDATE th408.pre_purchase_issue_order SET vendor_type = 'REGULAR' WHERE id = 42071 AND vendor_type = 'PRIMARY';
th408,42089,PRIMARY,CREATED,2025-08-12 10:01:09.126000,2025-08-12 10:01:09.912000,UPDATE th408.pre_purchase_issue_order SET vendor_type = 'REGULAR' WHERE id = 42089 AND vendor_type = 'PRIMARY';
th408,42090,PRIMARY,CREATED,2025-08-12 10:02:22.877000,2025-08-12 10:02:24.506000,UPDATE th408.pre_purchase_issue_order SET vendor_type = 'REGULAR' WHERE id = 42090 AND vendor_type = 'PRIMARY';
th408,42091,PRIMARY,CREATED,2025-08-12 10:03:34.717000,2025-08-12 10:04:25.584000,UPDATE th408.pre_purchase_issue_order SET vendor_type = 'REGULAR' WHERE id = 42091 AND vendor_type = 'PRIMARY';
th408,42106,PRIMARY,CREATED,2025-08-12 10:27:44.757000,2025-08-12 10:27:47.665000,UPDATE th408.pre_purchase_issue_order SET vendor_type = 'REGULAR' WHERE id = 42106 AND vendor_type = 'PRIMARY';
th408,42109,PRIMARY,CREATED,2025-08-12 10:33:02.706000,2025-08-12 10:33:05.233000,UPDATE th408.pre_purchase_issue_order SET vendor_type = 'REGULAR' WHERE id = 42109 AND vendor_type = 'PRIMARY';
th408,42110,PRIMARY,CREATED,2025-08-12 10:34:04.488000,2025-08-12 10:34:07.155000,UPDATE th408.pre_purchase_issue_order SET vendor_type = 'REGULAR' WHERE id = 42110 AND vendor_type = 'PRIMARY';
th408,42111,PRIMARY,CREATED,2025-08-12 10:35:39.262000,2025-08-12 10:35:47.698000,UPDATE th408.pre_purchase_issue_order SET vendor_type = 'REGULAR' WHERE id = 42111 AND vendor_type = 'PRIMARY';
th408,42112,PRIMARY,CREATED,2025-08-12 10:36:43.638000,2025-08-12 10:36:50.308000,UPDATE th408.pre_purchase_issue_order SET vendor_type = 'REGULAR' WHERE id = 42112 AND vendor_type = 'PRIMARY';
th409,35863,PRIMARY,CREATED,2025-08-12 12:14:25.559000,2025-08-13 07:48:19.007000,UPDATE th409.pre_purchase_issue_order SET vendor_type = 'REGULAR' WHERE id = 35863 AND vendor_type = 'PRIMARY';
th409,35866,PRIMARY,CREATED,2025-08-12 12:39:15.302000,2025-08-13 07:19:09.054000,UPDATE th409.pre_purchase_issue_order SET vendor_type = 'REGULAR' WHERE id = 35866 AND vendor_type = 'PRIMARY';
th411,230126,PRIMARY,CREATED,2025-08-12 06:32:31.937000,2025-08-12 06:32:36.854000,UPDATE th411.pre_purchase_issue_order SET vendor_type = 'REGULAR' WHERE id = 230126 AND vendor_type = 'PRIMARY';
th411,230207,PRIMARY,CREATED,2025-08-12 07:06:19.021000,2025-08-12 07:06:19.725000,UPDATE th411.pre_purchase_issue_order SET vendor_type = 'REGULAR' WHERE id = 230207 AND vendor_type = 'PRIMARY';
th411,230208,PRIMARY,CREATED,2025-08-12 07:07:03.511000,2025-08-12 07:07:06.562000,UPDATE th411.pre_purchase_issue_order SET vendor_type = 'REGULAR' WHERE id = 230208 AND vendor_type = 'PRIMARY';
th411,230209,PRIMARY,CREATED,2025-08-12 07:09:16.228000,2025-08-12 12:02:37.225000,UPDATE th411.pre_purchase_issue_order SET vendor_type = 'REGULAR' WHERE id = 230209 AND vendor_type = 'PRIMARY';
th411,230210,PRIMARY,CREATED,2025-08-12 07:10:11.999000,2025-08-12 12:02:37.233000,UPDATE th411.pre_purchase_issue_order SET vendor_type = 'REGULAR' WHERE id = 230210 AND vendor_type = 'PRIMARY';
th411,230216,PRIMARY,CREATED,2025-08-12 07:13:52.736000,2025-08-12 07:14:03.067000,UPDATE th411.pre_purchase_issue_order SET vendor_type = 'REGULAR' WHERE id = 230216 AND vendor_type = 'PRIMARY';
th411,230220,PRIMARY,CREATED,2025-08-12 07:19:13.840000,2025-08-12 12:02:37.234000,UPDATE th411.pre_purchase_issue_order SET vendor_type = 'REGULAR' WHERE id = 230220 AND vendor_type = 'PRIMARY';
th411,230224,PRIMARY,CREATED,2025-08-12 07:25:24.576000,2025-08-12 12:02:37.242000,UPDATE th411.pre_purchase_issue_order SET vendor_type = 'REGULAR' WHERE id = 230224 AND vendor_type = 'PRIMARY';
th411,230373,PRIMARY,CREATED,2025-08-12 10:05:51.673000,2025-08-12 10:05:52.659000,UPDATE th411.pre_purchase_issue_order SET vendor_type = 'REGULAR' WHERE id = 230373 AND vendor_type = 'PRIMARY';
th411,230374,PRIMARY,CREATED,2025-08-12 10:07:30.379000,2025-08-12 12:02:37.243000,UPDATE th411.pre_purchase_issue_order SET vendor_type = 'REGULAR' WHERE id = 230374 AND vendor_type = 'PRIMARY';
th411,230421,PRIMARY,CREATED,2025-08-12 10:20:45.694000,2025-08-12 10:20:48.569000,UPDATE th411.pre_purchase_issue_order SET vendor_type = 'REGULAR' WHERE id = 230421 AND vendor_type = 'PRIMARY';
th411,230479,PRIMARY,CREATED,2025-08-12 10:51:42.793000,2025-08-12 10:51:46.170000,UPDATE th411.pre_purchase_issue_order SET vendor_type = 'REGULAR' WHERE id = 230479 AND vendor_type = 'PRIMARY';
th411,230480,PRIMARY,CREATED,2025-08-12 10:52:18.760000,2025-08-12 10:52:23.993000,UPDATE th411.pre_purchase_issue_order SET vendor_type = 'REGULAR' WHERE id = 230480 AND vendor_type = 'PRIMARY';
th411,230481,PRIMARY,CREATED,2025-08-12 10:54:36.453000,2025-08-12 10:54:40.894000,UPDATE th411.pre_purchase_issue_order SET vendor_type = 'REGULAR' WHERE id = 230481 AND vendor_type = 'PRIMARY';
th411,230482,PRIMARY,CREATED,2025-08-12 10:55:19.006000,2025-08-12 10:55:20.764000,UPDATE th411.pre_purchase_issue_order SET vendor_type = 'REGULAR' WHERE id = 230482 AND vendor_type = 'PRIMARY';
th411,230484,PRIMARY,CREATED,2025-08-12 10:56:12.059000,2025-08-12 10:56:33.902000,UPDATE th411.pre_purchase_issue_order SET vendor_type = 'REGULAR' WHERE id = 230484 AND vendor_type = 'PRIMARY';
th411,230485,PRIMARY,CREATED,2025-08-12 10:57:58.852000,2025-08-12 10:58:02.060000,UPDATE th411.pre_purchase_issue_order SET vendor_type = 'REGULAR' WHERE id = 230485 AND vendor_type = 'PRIMARY';
th411,230490,PRIMARY,CREATED,2025-08-12 11:01:17.552000,2025-08-12 11:01:31.747000,UPDATE th411.pre_purchase_issue_order SET vendor_type = 'REGULAR' WHERE id = 230490 AND vendor_type = 'PRIMARY';
th411,230491,PRIMARY,CREATED,2025-08-12 11:03:02.796000,2025-08-12 12:02:37.252000,UPDATE th411.pre_purchase_issue_order SET vendor_type = 'REGULAR' WHERE id = 230491 AND vendor_type = 'PRIMARY';
th411,230492,PRIMARY,CREATED,2025-08-12 11:03:06.048000,2025-08-12 11:03:21.402000,UPDATE th411.pre_purchase_issue_order SET vendor_type = 'REGULAR' WHERE id = 230492 AND vendor_type = 'PRIMARY';
th411,230493,PRIMARY,CREATED,2025-08-12 11:04:57.727000,2025-08-12 11:05:03.702000,UPDATE th411.pre_purchase_issue_order SET vendor_type = 'REGULAR' WHERE id = 230493 AND vendor_type = 'PRIMARY';
th411,230494,PRIMARY,CREATED,2025-08-12 11:05:03.104000,2025-08-12 11:05:06.701000,UPDATE th411.pre_purchase_issue_order SET vendor_type = 'REGULAR' WHERE id = 230494 AND vendor_type = 'PRIMARY';
th411,230495,PRIMARY,CREATED,2025-08-12 11:06:55.613000,2025-08-12 12:02:37.253000,UPDATE th411.pre_purchase_issue_order SET vendor_type = 'REGULAR' WHERE id = 230495 AND vendor_type = 'PRIMARY';
th411,230503,PRIMARY,CREATED,2025-08-12 11:22:47.247000,2025-08-12 11:23:09.865000,UPDATE th411.pre_purchase_issue_order SET vendor_type = 'REGULAR' WHERE id = 230503 AND vendor_type = 'PRIMARY';
th411,230504,PRIMARY,CREATED,2025-08-12 11:24:53.438000,2025-08-12 11:25:27.609000,UPDATE th411.pre_purchase_issue_order SET vendor_type = 'REGULAR' WHERE id = 230504 AND vendor_type = 'PRIMARY';
th411,230505,PRIMARY,CREATED,2025-08-12 11:25:48.228000,2025-08-12 11:25:49.359000,UPDATE th411.pre_purchase_issue_order SET vendor_type = 'REGULAR' WHERE id = 230505 AND vendor_type = 'PRIMARY';
th411,230532,PRIMARY,CREATED,2025-08-12 11:57:04.184000,2025-08-12 12:02:37.254000,UPDATE th411.pre_purchase_issue_order SET vendor_type = 'REGULAR' WHERE id = 230532 AND vendor_type = 'PRIMARY';
th411,230534,PRIMARY,CREATED,2025-08-12 11:59:17.375000,2025-08-12 11:59:19.446000,UPDATE th411.pre_purchase_issue_order SET vendor_type = 'REGULAR' WHERE id = 230534 AND vendor_type = 'PRIMARY';
th411,230535,PRIMARY,CREATED,2025-08-12 12:00:25.007000,2025-08-12 12:00:33.518000,UPDATE th411.pre_purchase_issue_order SET vendor_type = 'REGULAR' WHERE id = 230535 AND vendor_type = 'PRIMARY';
th411,230536,PRIMARY,CREATED,2025-08-12 12:01:07.541000,2025-08-12 12:01:13.171000,UPDATE th411.pre_purchase_issue_order SET vendor_type = 'REGULAR' WHERE id = 230536 AND vendor_type = 'PRIMARY';
th411,230537,PRIMARY,CREATED,2025-08-12 12:03:10.484000,2025-08-12 12:03:42.488000,UPDATE th411.pre_purchase_issue_order SET vendor_type = 'REGULAR' WHERE id = 230537 AND vendor_type = 'PRIMARY';
th411,230631,PRIMARY,CREATED,2025-08-12 13:29:34.014000,2025-08-12 13:29:36.714000,UPDATE th411.pre_purchase_issue_order SET vendor_type = 'REGULAR' WHERE id = 230631 AND vendor_type = 'PRIMARY';
th411,230632,PRIMARY,CREATED,2025-08-12 13:30:16.308000,2025-08-12 13:30:17.627000,UPDATE th411.pre_purchase_issue_order SET vendor_type = 'REGULAR' WHERE id = 230632 AND vendor_type = 'PRIMARY';
th417,26331,PRIMARY,CREATED,2025-08-12 09:24:08.152000,2025-08-12 09:24:09.070000,UPDATE th417.pre_purchase_issue_order SET vendor_type = 'REGULAR' WHERE id = 26331 AND vendor_type = 'PRIMARY';
th417,26409,PRIMARY,CREATED,2025-08-12 12:58:48.531000,2025-08-12 12:58:50.801000,UPDATE th417.pre_purchase_issue_order SET vendor_type = 'REGULAR' WHERE id = 26409 AND vendor_type = 'PRIMARY';
th418,16570,PRIMARY,CREATED,2025-08-12 11:35:07.174000,2025-08-12 11:35:09.033000,UPDATE th418.pre_purchase_issue_order SET vendor_type = 'REGULAR' WHERE id = 16570 AND vendor_type = 'PRIMARY';
th418,16571,PRIMARY,CREATED,2025-08-12 11:37:11.580000,2025-08-12 11:37:18.732000,UPDATE th418.pre_purchase_issue_order SET vendor_type = 'REGULAR' WHERE id = 16571 AND vendor_type = 'PRIMARY';
th418,16573,PRIMARY,CREATED,2025-08-12 13:20:07.460000,2025-08-12 13:20:08.684000,UPDATE th418.pre_purchase_issue_order SET vendor_type = 'REGULAR' WHERE id = 16573 AND vendor_type = 'PRIMARY';
th421,14154,PRIMARY,CREATED,2025-08-12 09:30:49.984000,2025-08-12 09:30:51.933000,UPDATE th421.pre_purchase_issue_order SET vendor_type = 'REGULAR' WHERE id = 14154 AND vendor_type = 'PRIMARY';
th424,13765,PRIMARY,CREATED,2025-08-12 07:33:02.726000,2025-08-12 07:33:12.247000,UPDATE th424.pre_purchase_issue_order SET vendor_type = 'REGULAR' WHERE id = 13765 AND vendor_type = 'PRIMARY';
th424,13766,PRIMARY,CREATED,2025-08-12 07:33:20.548000,2025-08-12 07:33:22.560000,UPDATE th424.pre_purchase_issue_order SET vendor_type = 'REGULAR' WHERE id = 13766 AND vendor_type = 'PRIMARY';
th424,13785,PRIMARY,CREATED,2025-08-12 12:26:43.203000,2025-08-12 12:26:45.206000,UPDATE th424.pre_purchase_issue_order SET vendor_type = 'REGULAR' WHERE id = 13785 AND vendor_type = 'PRIMARY';
th424,13786,PRIMARY,CREATED,2025-08-12 12:26:57.403000,2025-08-12 12:26:59.599000,UPDATE th424.pre_purchase_issue_order SET vendor_type = 'REGULAR' WHERE id = 13786 AND vendor_type = 'PRIMARY';
th428,62068,PRIMARY,CREATED,2025-08-12 07:27:27.209000,2025-08-13 05:48:32.757000,UPDATE th428.pre_purchase_issue_order SET vendor_type = 'REGULAR' WHERE id = 62068 AND vendor_type = 'PRIMARY';
th428,62075,PRIMARY,CREATED,2025-08-12 07:27:36.938000,2025-08-13 05:48:32.758000,UPDATE th428.pre_purchase_issue_order SET vendor_type = 'REGULAR' WHERE id = 62075 AND vendor_type = 'PRIMARY';
th428,62076,PRIMARY,CREATED,2025-08-12 07:27:47.513000,2025-08-13 05:48:32.759000,UPDATE th428.pre_purchase_issue_order SET vendor_type = 'REGULAR' WHERE id = 62076 AND vendor_type = 'PRIMARY';
th428,62077,PRIMARY,CREATED,2025-08-12 07:27:56.537000,2025-08-13 05:48:32.760000,UPDATE th428.pre_purchase_issue_order SET vendor_type = 'REGULAR' WHERE id = 62077 AND vendor_type = 'PRIMARY';
th428,62078,PRIMARY,CREATED,2025-08-12 07:28:06.132000,2025-08-13 05:48:32.761000,UPDATE th428.pre_purchase_issue_order SET vendor_type = 'REGULAR' WHERE id = 62078 AND vendor_type = 'PRIMARY';
th428,62079,PRIMARY,CREATED,2025-08-12 07:28:17.254000,2025-08-13 05:48:32.762000,UPDATE th428.pre_purchase_issue_order SET vendor_type = 'REGULAR' WHERE id = 62079 AND vendor_type = 'PRIMARY';
th428,62080,PRIMARY,CREATED,2025-08-12 07:28:27.792000,2025-08-13 05:48:32.764000,UPDATE th428.pre_purchase_issue_order SET vendor_type = 'REGULAR' WHERE id = 62080 AND vendor_type = 'PRIMARY';
th428,62081,PRIMARY,CREATED,2025-08-12 07:35:47.958000,2025-08-13 05:48:32.764000,UPDATE th428.pre_purchase_issue_order SET vendor_type = 'REGULAR' WHERE id = 62081 AND vendor_type = 'PRIMARY';
th428,62082,PRIMARY,CREATED,2025-08-12 07:36:09.337000,2025-08-13 05:48:32.765000,UPDATE th428.pre_purchase_issue_order SET vendor_type = 'REGULAR' WHERE id = 62082 AND vendor_type = 'PRIMARY';
th428,62083,PRIMARY,CREATED,2025-08-12 07:36:24.819000,2025-08-13 05:48:32.766000,UPDATE th428.pre_purchase_issue_order SET vendor_type = 'REGULAR' WHERE id = 62083 AND vendor_type = 'PRIMARY';
th428,62084,PRIMARY,CREATED,2025-08-12 07:36:36.479000,2025-08-13 05:48:32.768000,UPDATE th428.pre_purchase_issue_order SET vendor_type = 'REGULAR' WHERE id = 62084 AND vendor_type = 'PRIMARY';
th428,62085,PRIMARY,CREATED,2025-08-12 07:36:48.188000,2025-08-13 05:48:32.769000,UPDATE th428.pre_purchase_issue_order SET vendor_type = 'REGULAR' WHERE id = 62085 AND vendor_type = 'PRIMARY';
th428,62086,PRIMARY,CREATED,2025-08-12 07:36:58.937000,2025-08-13 05:48:32.771000,UPDATE th428.pre_purchase_issue_order SET vendor_type = 'REGULAR' WHERE id = 62086 AND vendor_type = 'PRIMARY';
th428,62087,PRIMARY,CREATED,2025-08-12 07:37:08.089000,2025-08-13 05:48:32.772000,UPDATE th428.pre_purchase_issue_order SET vendor_type = 'REGULAR' WHERE id = 62087 AND vendor_type = 'PRIMARY';
th428,62088,PRIMARY,CREATED,2025-08-12 07:37:20.034000,2025-08-13 05:48:32.773000,UPDATE th428.pre_purchase_issue_order SET vendor_type = 'REGULAR' WHERE id = 62088 AND vendor_type = 'PRIMARY';
th428,62089,PRIMARY,CREATED,2025-08-12 07:38:11.917000,2025-08-13 05:48:32.774000,UPDATE th428.pre_purchase_issue_order SET vendor_type = 'REGULAR' WHERE id = 62089 AND vendor_type = 'PRIMARY';
th428,62090,PRIMARY,CREATED,2025-08-12 07:39:20.666000,2025-08-13 05:48:32.775000,UPDATE th428.pre_purchase_issue_order SET vendor_type = 'REGULAR' WHERE id = 62090 AND vendor_type = 'PRIMARY';
th428,63237,PRIMARY,CREATED,2025-08-12 11:55:06.773000,2025-08-12 11:55:08.793000,UPDATE th428.pre_purchase_issue_order SET vendor_type = 'REGULAR' WHERE id = 63237 AND vendor_type = 'PRIMARY';
th428,63238,PRIMARY,CREATED,2025-08-12 11:55:20.766000,2025-08-12 11:55:22.370000,UPDATE th428.pre_purchase_issue_order SET vendor_type = 'REGULAR' WHERE id = 63238 AND vendor_type = 'PRIMARY';
th428,63239,PRIMARY,CREATED,2025-08-12 11:55:30.021000,2025-08-12 11:55:31.255000,UPDATE th428.pre_purchase_issue_order SET vendor_type = 'REGULAR' WHERE id = 63239 AND vendor_type = 'PRIMARY';
th428,63240,PRIMARY,CREATED,2025-08-12 11:55:42.288000,2025-08-12 11:55:44.084000,UPDATE th428.pre_purchase_issue_order SET vendor_type = 'REGULAR' WHERE id = 63240 AND vendor_type = 'PRIMARY';
th428,63241,PRIMARY,CREATED,2025-08-12 11:55:54.806000,2025-08-12 11:55:56.237000,UPDATE th428.pre_purchase_issue_order SET vendor_type = 'REGULAR' WHERE id = 63241 AND vendor_type = 'PRIMARY';
th428,63242,PRIMARY,CREATED,2025-08-12 11:56:05.198000,2025-08-12 11:56:06.851000,UPDATE th428.pre_purchase_issue_order SET vendor_type = 'REGULAR' WHERE id = 63242 AND vendor_type = 'PRIMARY';
th428,63243,PRIMARY,CREATED,2025-08-12 11:56:20.163000,2025-08-12 11:56:20.447000,UPDATE th428.pre_purchase_issue_order SET vendor_type = 'REGULAR' WHERE id = 63243 AND vendor_type = 'PRIMARY';
th428,63244,PRIMARY,CREATED,2025-08-12 11:56:31.931000,2025-08-12 11:56:33.269000,UPDATE th428.pre_purchase_issue_order SET vendor_type = 'REGULAR' WHERE id = 63244 AND vendor_type = 'PRIMARY';
th428,63245,PRIMARY,CREATED,2025-08-12 11:56:41.861000,2025-08-12 11:56:42.820000,UPDATE th428.pre_purchase_issue_order SET vendor_type = 'REGULAR' WHERE id = 63245 AND vendor_type = 'PRIMARY';
th428,63246,PRIMARY,CREATED,2025-08-12 11:56:52.461000,2025-08-12 11:56:53.999000,UPDATE th428.pre_purchase_issue_order SET vendor_type = 'REGULAR' WHERE id = 63246 AND vendor_type = 'PRIMARY';
th428,63247,PRIMARY,CREATED,2025-08-12 11:57:28.368000,2025-08-12 11:57:29.939000,UPDATE th428.pre_purchase_issue_order SET vendor_type = 'REGULAR' WHERE id = 63247 AND vendor_type = 'PRIMARY';
th428,63248,PRIMARY,CREATED,2025-08-12 11:58:39.481000,2025-08-12 11:58:41.136000,UPDATE th428.pre_purchase_issue_order SET vendor_type = 'REGULAR' WHERE id = 63248 AND vendor_type = 'PRIMARY';
th428,63249,PRIMARY,CREATED,2025-08-12 11:58:50.259000,2025-08-12 11:58:50.805000,UPDATE th428.pre_purchase_issue_order SET vendor_type = 'REGULAR' WHERE id = 63249 AND vendor_type = 'PRIMARY';
th429,127261,PRIMARY,CREATED,2025-08-12 06:49:55.499000,2025-08-12 06:49:57.230000,UPDATE th429.pre_purchase_issue_order SET vendor_type = 'REGULAR' WHERE id = 127261 AND vendor_type = 'PRIMARY';
th429,127282,PRIMARY,CREATED,2025-08-12 06:52:33.920000,2025-08-12 06:52:34.445000,UPDATE th429.pre_purchase_issue_order SET vendor_type = 'REGULAR' WHERE id = 127282 AND vendor_type = 'PRIMARY';
th429,127359,PRIMARY,CREATED,2025-08-12 07:07:38.783000,2025-08-12 07:07:40.679000,UPDATE th429.pre_purchase_issue_order SET vendor_type = 'REGULAR' WHERE id = 127359 AND vendor_type = 'PRIMARY';
th429,127464,PRIMARY,CREATED,2025-08-12 07:40:21.972000,2025-08-12 07:40:22.707000,UPDATE th429.pre_purchase_issue_order SET vendor_type = 'REGULAR' WHERE id = 127464 AND vendor_type = 'PRIMARY';
th429,127467,PRIMARY,CREATED,2025-08-12 07:40:52.946000,2025-08-12 07:40:54.449000,UPDATE th429.pre_purchase_issue_order SET vendor_type = 'REGULAR' WHERE id = 127467 AND vendor_type = 'PRIMARY';
th429,127468,PRIMARY,CREATED,2025-08-12 07:41:07.038000,2025-08-12 07:41:08.582000,UPDATE th429.pre_purchase_issue_order SET vendor_type = 'REGULAR' WHERE id = 127468 AND vendor_type = 'PRIMARY';
th429,127491,PRIMARY,CREATED,2025-08-12 07:47:43.532000,2025-08-12 07:47:45.069000,UPDATE th429.pre_purchase_issue_order SET vendor_type = 'REGULAR' WHERE id = 127491 AND vendor_type = 'PRIMARY';
th429,127746,PRIMARY,CREATED,2025-08-12 09:27:02.468000,2025-08-12 09:27:04.018000,UPDATE th429.pre_purchase_issue_order SET vendor_type = 'REGULAR' WHERE id = 127746 AND vendor_type = 'PRIMARY';
th429,127750,PRIMARY,CREATED,2025-08-12 09:27:37.296000,2025-08-12 09:27:40.760000,UPDATE th429.pre_purchase_issue_order SET vendor_type = 'REGULAR' WHERE id = 127750 AND vendor_type = 'PRIMARY';
th429,128250,PRIMARY,CREATED,2025-08-12 11:24:15.515000,2025-08-12 11:25:21.521000,UPDATE th429.pre_purchase_issue_order SET vendor_type = 'REGULAR' WHERE id = 128250 AND vendor_type = 'PRIMARY';
th429,128254,PRIMARY,CREATED,2025-08-12 11:25:19.284000,2025-08-12 11:25:31.715000,UPDATE th429.pre_purchase_issue_order SET vendor_type = 'REGULAR' WHERE id = 128254 AND vendor_type = 'PRIMARY';
th429,128566,PRIMARY,CREATED,2025-08-12 12:49:27.058000,2025-08-12 12:49:27.691000,UPDATE th429.pre_purchase_issue_order SET vendor_type = 'REGULAR' WHERE id = 128566 AND vendor_type = 'PRIMARY';
th430,14414,PRIMARY,CREATED,2025-08-12 12:18:53.125000,2025-08-12 12:20:34.357000,UPDATE th430.pre_purchase_issue_order SET vendor_type = 'REGULAR' WHERE id = 14414 AND vendor_type = 'PRIMARY';
th604,1103,SECONDARY,CREATED,2025-08-12 12:32:10.797000,2025-08-12 12:32:10.797000,UPDATE th604.pre_purchase_issue_order SET vendor_type = 'REGULAR' WHERE id = 1103 AND vendor_type = 'SECONDARY';
th604,1104,PRIMARY,CREATED,2025-08-12 12:32:11.158000,2025-08-12 12:32:11.158000,UPDATE th604.pre_purchase_issue_order SET vendor_type = 'REGULAR' WHERE id = 1104 AND vendor_type = 'PRIMARY';
th604,1105,PRIMARY,CREATED,2025-08-13 06:34:26.685000,2025-08-13 06:34:26.685000,UPDATE th604.pre_purchase_issue_order SET vendor_type = 'REGULAR' WHERE id = 1105 AND vendor_type = 'PRIMARY';
th604,1106,PRIMARY,CREATED,2025-08-13 06:34:37.356000,2025-08-13 06:34:37.356000,UPDATE th604.pre_purchase_issue_order SET vendor_type = 'REGULAR' WHERE id = 1106 AND vendor_type = 'PRIMARY';
th611,480,PRIMARY,CREATED,2025-08-12 18:30:33.931000,2025-08-12 18:30:33.931000,UPDATE th611.pre_purchase_issue_order SET vendor_type = 'REGULAR' WHERE id = 480 AND vendor_type = 'PRIMARY';
th613,712,PRIMARY,CREATED,2025-08-12 06:32:11.442000,2025-08-12 06:32:11.442000,UPDATE th613.pre_purchase_issue_order SET vendor_type = 'REGULAR' WHERE id = 712 AND vendor_type = 'PRIMARY';
th613,713,PRIMARY,CREATED,2025-08-12 06:32:11.802000,2025-08-12 06:32:11.802000,UPDATE th613.pre_purchase_issue_order SET vendor_type = 'REGULAR' WHERE id = 713 AND vendor_type = 'PRIMARY';
th613,714,PRIMARY,CREATED,2025-08-12 12:33:42.704000,2025-08-12 12:33:42.704000,UPDATE th613.pre_purchase_issue_order SET vendor_type = 'REGULAR' WHERE id = 714 AND vendor_type = 'PRIMARY';
th617,429,PRIMARY,CREATED,2025-08-12 18:30:45.821000,2025-08-12 18:30:45.821000,UPDATE th617.pre_purchase_issue_order SET vendor_type = 'REGULAR' WHERE id = 429 AND vendor_type = 'PRIMARY';
th621,371,PRIMARY,CREATED,2025-08-12 12:31:04.050000,2025-08-12 12:31:04.050000,UPDATE th621.pre_purchase_issue_order SET vendor_type = 'REGULAR' WHERE id = 371 AND vendor_type = 'PRIMARY';
th622,217,SECONDARY,CREATED,2025-08-12 12:34:28.560000,2025-08-12 12:34:28.560000,UPDATE th622.pre_purchase_issue_order SET vendor_type = 'REGULAR' WHERE id = 217 AND vendor_type = 'SECONDARY';
th623,694,PRIMARY,CREATED,2025-08-13 06:34:27.185000,2025-08-13 06:34:27.185000,UPDATE th623.pre_purchase_issue_order SET vendor_type = 'REGULAR' WHERE id = 694 AND vendor_type = 'PRIMARY';
