tenant,invoice_no,invoice_status,cancelInvoiceQuery,cancelGatepassQuery
th411,PD0428-24A003407,StockHidden,"UPDATE th411.inward_invoice SET updated_on = NOW(), status = 'DELETED' WHERE id = 177332 AND status = 'StockHidden';","UPDATE th411.gatepass_invoice SET updated_on = NOW() , status = 'CANCELLED' WHERE gatepass_id = 92702 AND status = 'CREATED';"
th411,PD0428-24A003407,StockHidden,"UPDATE th411.inward_invoice SET updated_on = NOW(), status = 'DELETED' WHERE id = 177333 AND status = 'StockHidden';","UPDATE th411.gatepass_invoice SET updated_on = NOW() , status = 'CANCELLED' WHERE gatepass_id = 92703 AND status = 'CREATED';"
th411,PD0428-24A003407,StockHidden,"UPDATE th411.inward_invoice SET updated_on = NOW(), status = 'DELETED' WHERE id = 177334 AND status = 'StockHidden';","UPDATE th411.gatepass_invoice SET updated_on = NOW() , status = 'CANCELLED' WHERE gatepass_id = 92704 AND status = 'CREATED';"
th411,PD0428-24A003407,StockHidden,"UPDATE th411.inward_invoice SET updated_on = NOW(), status = 'DELETED' WHERE id = 177335 AND status = 'StockHidden';","UPDATE th411.gatepass_invoice SET updated_on = NOW() , status = 'CANCELLED' WHERE gatepass_id = 92705 AND status = 'CREATED';"
th411,PD0428-24A003407,StockHidden,"UPDATE th411.inward_invoice SET updated_on = NOW(), status = 'DELETED' WHERE id = 177336 AND status = 'StockHidden';","UPDATE th411.gatepass_invoice SET updated_on = NOW() , status = 'CANCELLED' WHERE gatepass_id = 92706 AND status = 'CREATED';"
th411,PD0428-24A003407,StockHidden,"UPDATE th411.inward_invoice SET updated_on = NOW(), status = 'DELETED' WHERE id = 177337 AND status = 'StockHidden';","UPDATE th411.gatepass_invoice SET updated_on = NOW() , status = 'CANCELLED' WHERE gatepass_id = 92707 AND status = 'CREATED';"
th411,PD0428-24A003407,StockHidden,"UPDATE th411.inward_invoice SET updated_on = NOW(), status = 'DELETED' WHERE id = 177338 AND status = 'StockHidden';","UPDATE th411.gatepass_invoice SET updated_on = NOW() , status = 'CANCELLED' WHERE gatepass_id = 92708 AND status = 'CREATED';"
th411,PD0428-24A003407,StockHidden,"UPDATE th411.inward_invoice SET updated_on = NOW(), status = 'DELETED' WHERE id = 177339 AND status = 'StockHidden';","UPDATE th411.gatepass_invoice SET updated_on = NOW() , status = 'CANCELLED' WHERE gatepass_id = 92709 AND status = 'CREATED';"
th411,PD0428-24A003407,StockHidden,"UPDATE th411.inward_invoice SET updated_on = NOW(), status = 'DELETED' WHERE id = 177340 AND status = 'StockHidden';","UPDATE th411.gatepass_invoice SET updated_on = NOW() , status = 'CANCELLED' WHERE gatepass_id = 92710 AND status = 'CREATED';"
th411,PD0428-24A003407,StockHidden,"UPDATE th411.inward_invoice SET updated_on = NOW(), status = 'DELETED' WHERE id = 177341 AND status = 'StockHidden';","UPDATE th411.gatepass_invoice SET updated_on = NOW() , status = 'CANCELLED' WHERE gatepass_id = 92711 AND status = 'CREATED';"
th411,PD0428-24A003407,StockHidden,"UPDATE th411.inward_invoice SET updated_on = NOW(), status = 'DELETED' WHERE id = 177347 AND status = 'StockHidden';","UPDATE th411.gatepass_invoice SET updated_on = NOW() , status = 'CANCELLED' WHERE gatepass_id = 92716 AND status = 'CREATED';"
th411,PD0428-24A003407,StockHidden,"UPDATE th411.inward_invoice SET updated_on = NOW(), status = 'DELETED' WHERE id = 177348 AND status = 'StockHidden';","UPDATE th411.gatepass_invoice SET updated_on = NOW() , status = 'CANCELLED' WHERE gatepass_id = 92717 AND status = 'CREATED';"
th411,PD0428-24A003407,StockHidden,"UPDATE th411.inward_invoice SET updated_on = NOW(), status = 'DELETED' WHERE id = 177362 AND status = 'StockHidden';","UPDATE th411.gatepass_invoice SET updated_on = NOW() , status = 'CANCELLED' WHERE gatepass_id = 92729 AND status = 'CREATED';"
th411,PD0428-24A003407,StockHidden,"UPDATE th411.inward_invoice SET updated_on = NOW(), status = 'DELETED' WHERE id = 177363 AND status = 'StockHidden';","UPDATE th411.gatepass_invoice SET updated_on = NOW() , status = 'CANCELLED' WHERE gatepass_id = 92730 AND status = 'CREATED';"
th411,PD0428-24A003407,StockHidden,"UPDATE th411.inward_invoice SET updated_on = NOW(), status = 'DELETED' WHERE id = 177364 AND status = 'StockHidden';","UPDATE th411.gatepass_invoice SET updated_on = NOW() , status = 'CANCELLED' WHERE gatepass_id = 92731 AND status = 'CREATED';"
th411,PD0428-24A003407,StockHidden,"UPDATE th411.inward_invoice SET updated_on = NOW(), status = 'DELETED' WHERE id = 177365 AND status = 'StockHidden';","UPDATE th411.gatepass_invoice SET updated_on = NOW() , status = 'CANCELLED' WHERE gatepass_id = 92732 AND status = 'CREATED';"
th411,PD0428-24A003407,StockHidden,"UPDATE th411.inward_invoice SET updated_on = NOW(), status = 'DELETED' WHERE id = 200882 AND status = 'StockHidden';","UPDATE th411.gatepass_invoice SET updated_on = NOW() , status = 'CANCELLED' WHERE gatepass_id = 120936 AND status = 'CREATED';"
th411,P0403-25A0000061,StockHidden,"UPDATE th411.inward_invoice SET updated_on = NOW(), status = 'DELETED' WHERE id = 181001 AND status = 'StockHidden';","UPDATE th411.gatepass_invoice SET updated_on = NOW() , status = 'CANCELLED' WHERE gatepass_id = 96216 AND status = 'CREATED';"
th411,P0403-25A0000061,StockHidden,"UPDATE th411.inward_invoice SET updated_on = NOW(), status = 'DELETED' WHERE id = 185366 AND status = 'StockHidden';","UPDATE th411.gatepass_invoice SET updated_on = NOW() , status = 'CANCELLED' WHERE gatepass_id = 101982 AND status = 'CREATED';"
th411,P0403-25A0000061,StockHidden,"UPDATE th411.inward_invoice SET updated_on = NOW(), status = 'DELETED' WHERE id = 185367 AND status = 'StockHidden';","UPDATE th411.gatepass_invoice SET updated_on = NOW() , status = 'CANCELLED' WHERE gatepass_id = 101983 AND status = 'CREATED';"
th411,P0403-25A0000061,StockHidden,"UPDATE th411.inward_invoice SET updated_on = NOW(), status = 'DELETED' WHERE id = 185631 AND status = 'StockHidden';","UPDATE th411.gatepass_invoice SET updated_on = NOW() , status = 'CANCELLED' WHERE gatepass_id = 102228 AND status = 'CREATED';"
th411,P0403-25A0000061,StockHidden,"UPDATE th411.inward_invoice SET updated_on = NOW(), status = 'DELETED' WHERE id = 186680 AND status = 'StockHidden';","UPDATE th411.gatepass_invoice SET updated_on = NOW() , status = 'CANCELLED' WHERE gatepass_id = 103504 AND status = 'CREATED';"
th411,P0403-25A0000061,StockHidden,"UPDATE th411.inward_invoice SET updated_on = NOW(), status = 'DELETED' WHERE id = 186683 AND status = 'StockHidden';","UPDATE th411.gatepass_invoice SET updated_on = NOW() , status = 'CANCELLED' WHERE gatepass_id = 103508 AND status = 'CREATED';"
th411,P0403-25A0000061,StockHidden,"UPDATE th411.inward_invoice SET updated_on = NOW(), status = 'DELETED' WHERE id = 186690 AND status = 'StockHidden';","UPDATE th411.gatepass_invoice SET updated_on = NOW() , status = 'CANCELLED' WHERE gatepass_id = 103513 AND status = 'CREATED';"
th411,P0403-25A0000061,StockHidden,"UPDATE th411.inward_invoice SET updated_on = NOW(), status = 'DELETED' WHERE id = 186691 AND status = 'StockHidden';","UPDATE th411.gatepass_invoice SET updated_on = NOW() , status = 'CANCELLED' WHERE gatepass_id = 103515 AND status = 'CREATED';"
th411,P0403-25A0000061,StockHidden,"UPDATE th411.inward_invoice SET updated_on = NOW(), status = 'DELETED' WHERE id = 194023 AND status = 'StockHidden';","UPDATE th411.gatepass_invoice SET updated_on = NOW() , status = 'CANCELLED' WHERE gatepass_id = 112791 AND status = 'CREATED';"
th214,P0417-25A0000023,StockHidden,"UPDATE th214.inward_invoice SET updated_on = NOW(), status = 'DELETED' WHERE id = 1039219 AND status = 'StockHidden';","UPDATE th214.gatepass_invoice SET updated_on = NOW() , status = 'CANCELLED' WHERE gatepass_id = 1095692 AND status = 'CREATED';"
th214,P0417-25A0000023,StockHidden,"UPDATE th214.inward_invoice SET updated_on = NOW(), status = 'DELETED' WHERE id = 1039221 AND status = 'StockHidden';","UPDATE th214.gatepass_invoice SET updated_on = NOW() , status = 'CANCELLED' WHERE gatepass_id = 1095694 AND status = 'CREATED';"
th214,P0417-25A0000023,StockHidden,"UPDATE th214.inward_invoice SET updated_on = NOW(), status = 'DELETED' WHERE id = 1039223 AND status = 'StockHidden';","UPDATE th214.gatepass_invoice SET updated_on = NOW() , status = 'CANCELLED' WHERE gatepass_id = 1095696 AND status = 'CREATED';"
th214,P0417-25A0000023,StockHidden,"UPDATE th214.inward_invoice SET updated_on = NOW(), status = 'DELETED' WHERE id = 1039224 AND status = 'StockHidden';","UPDATE th214.gatepass_invoice SET updated_on = NOW() , status = 'CANCELLED' WHERE gatepass_id = 1095697 AND status = 'CREATED';"
th214,P0417-25A0000023,StockHidden,"UPDATE th214.inward_invoice SET updated_on = NOW(), status = 'DELETED' WHERE id = 1039227 AND status = 'StockHidden';","UPDATE th214.gatepass_invoice SET updated_on = NOW() , status = 'CANCELLED' WHERE gatepass_id = 1095700 AND status = 'CREATED';"
th214,P0417-25A0000023,StockHidden,"UPDATE th214.inward_invoice SET updated_on = NOW(), status = 'DELETED' WHERE id = 1039229 AND status = 'StockHidden';","UPDATE th214.gatepass_invoice SET updated_on = NOW() , status = 'CANCELLED' WHERE gatepass_id = 1095702 AND status = 'CREATED';"
th214,P0417-25A0000023,StockHidden,"UPDATE th214.inward_invoice SET updated_on = NOW(), status = 'DELETED' WHERE id = 1039231 AND status = 'StockHidden';","UPDATE th214.gatepass_invoice SET updated_on = NOW() , status = 'CANCELLED' WHERE gatepass_id = 1095704 AND status = 'CREATED';"
th214,P0417-25A0000023,StockHidden,"UPDATE th214.inward_invoice SET updated_on = NOW(), status = 'DELETED' WHERE id = 1039232 AND status = 'StockHidden';","UPDATE th214.gatepass_invoice SET updated_on = NOW() , status = 'CANCELLED' WHERE gatepass_id = 1095705 AND status = 'CREATED';"
th214,P0417-25A0000023,StockHidden,"UPDATE th214.inward_invoice SET updated_on = NOW(), status = 'DELETED' WHERE id = 1039234 AND status = 'StockHidden';","UPDATE th214.gatepass_invoice SET updated_on = NOW() , status = 'CANCELLED' WHERE gatepass_id = 1095708 AND status = 'CREATED';"
th408,DR0411-25A000008,StockHidden,"UPDATE th408.inward_invoice SET updated_on = NOW(), status = 'DELETED' WHERE id = 54400 AND status = 'StockHidden';","UPDATE th408.gatepass_invoice SET updated_on = NOW() , status = 'CANCELLED' WHERE gatepass_id = 44530 AND status = 'CREATED';"
th223,DR0224-25A000227,StockHidden,"UPDATE th223.inward_invoice SET updated_on = NOW(), status = 'DELETED' WHERE id = 113957 AND status = 'StockHidden';","UPDATE th223.gatepass_invoice SET updated_on = NOW() , status = 'CANCELLED' WHERE gatepass_id = 11879 AND status = 'CREATED';"
th425,PD0224-25A004055,StockHidden,"UPDATE th425.inward_invoice SET updated_on = NOW(), status = 'DELETED' WHERE id = 102607 AND status = 'StockHidden';","UPDATE th425.gatepass_invoice SET updated_on = NOW() , status = 'CANCELLED' WHERE gatepass_id = 112175 AND status = 'CREATED';"
th223,DR0224-25A000236,StockHidden,"UPDATE th223.inward_invoice SET updated_on = NOW(), status = 'DELETED' WHERE id = 113958 AND status = 'StockHidden';","UPDATE th223.gatepass_invoice SET updated_on = NOW() , status = 'CANCELLED' WHERE gatepass_id = 11880 AND status = 'CREATED';"
th411,P0408-25A0000060,StockHidden,"UPDATE th411.inward_invoice SET updated_on = NOW(), status = 'DELETED' WHERE id = 198954 AND status = 'StockHidden';","UPDATE th411.gatepass_invoice SET updated_on = NOW() , status = 'CANCELLED' WHERE gatepass_id = 118869 AND status = 'CREATED';"
th411,U0408-25A0000002,StockHidden,"UPDATE th411.inward_invoice SET updated_on = NOW(), status = 'DELETED' WHERE id = 198952 AND status = 'StockHidden';","UPDATE th411.gatepass_invoice SET updated_on = NOW() , status = 'CANCELLED' WHERE gatepass_id = 118867 AND status = 'CREATED';"
th413,PD0214-25A006374,StockHidden,"UPDATE th413.inward_invoice SET updated_on = NOW(), status = 'DELETED' WHERE id = 43617 AND status = 'StockHidden';","UPDATE th413.gatepass_invoice SET updated_on = NOW() , status = 'CANCELLED' WHERE gatepass_id = 32861 AND status = 'CREATED';"
th223,DR0224-25A000164,StockHidden,"UPDATE th223.inward_invoice SET updated_on = NOW(), status = 'DELETED' WHERE id = 113947 AND status = 'StockHidden';","UPDATE th223.gatepass_invoice SET updated_on = NOW() , status = 'CANCELLED' WHERE gatepass_id = 11869 AND status = 'CREATED';"
th427,PD0406-25A000701,StockHidden,"UPDATE th427.inward_invoice SET updated_on = NOW(), status = 'DELETED' WHERE id = 175726 AND status = 'StockHidden';","UPDATE th427.gatepass_invoice SET updated_on = NOW() , status = 'CANCELLED' WHERE gatepass_id = 126376 AND status = 'CREATED';"
th425,PD0224-25A004074,StockHidden,"UPDATE th425.inward_invoice SET updated_on = NOW(), status = 'DELETED' WHERE id = 102608 AND status = 'StockHidden';","UPDATE th425.gatepass_invoice SET updated_on = NOW() , status = 'CANCELLED' WHERE gatepass_id = 112176 AND status = 'CREATED';"
th425,DR0224-25A000222,StockHidden,"UPDATE th425.inward_invoice SET updated_on = NOW(), status = 'DELETED' WHERE id = 102675 AND status = 'StockHidden';","UPDATE th425.gatepass_invoice SET updated_on = NOW() , status = 'CANCELLED' WHERE gatepass_id = 112241 AND status = 'CREATED';"
th214,PD0413-25A003191,StockHidden,"UPDATE th214.inward_invoice SET updated_on = NOW(), status = 'DELETED' WHERE id = 1061362 AND status = 'StockHidden';","UPDATE th214.gatepass_invoice SET updated_on = NOW() , status = 'CANCELLED' WHERE gatepass_id = 1137585 AND status = 'CREATED';"
th223,DR0224-25A000179,StockHidden,"UPDATE th223.inward_invoice SET updated_on = NOW(), status = 'DELETED' WHERE id = 113950 AND status = 'StockHidden';","UPDATE th223.gatepass_invoice SET updated_on = NOW() , status = 'CANCELLED' WHERE gatepass_id = 11872 AND status = 'CREATED';"
th223,DR0224-25A000073,StockHidden,"UPDATE th223.inward_invoice SET updated_on = NOW(), status = 'DELETED' WHERE id = 113936 AND status = 'StockHidden';","UPDATE th223.gatepass_invoice SET updated_on = NOW() , status = 'CANCELLED' WHERE gatepass_id = 11858 AND status = 'CREATED';"
th425,PD0224-25A004004,StockHidden,"UPDATE th425.inward_invoice SET updated_on = NOW(), status = 'DELETED' WHERE id = 102605 AND status = 'StockHidden';","UPDATE th425.gatepass_invoice SET updated_on = NOW() , status = 'CANCELLED' WHERE gatepass_id = 112173 AND status = 'CREATED';"
th223,PD0224-25A004564,StockHidden,"UPDATE th223.inward_invoice SET updated_on = NOW(), status = 'DELETED' WHERE id = 113925 AND status = 'StockHidden';","UPDATE th223.gatepass_invoice SET updated_on = NOW() , status = 'CANCELLED' WHERE gatepass_id = 11847 AND status = 'CREATED';"
th223,PD0224-25A004796,StockHidden,"UPDATE th223.inward_invoice SET updated_on = NOW(), status = 'DELETED' WHERE id = 113929 AND status = 'StockHidden';","UPDATE th223.gatepass_invoice SET updated_on = NOW() , status = 'CANCELLED' WHERE gatepass_id = 11851 AND status = 'CREATED';"
th223,PD0224-25A004010,StockHidden,"UPDATE th223.inward_invoice SET updated_on = NOW(), status = 'DELETED' WHERE id = 113911 AND status = 'StockHidden';","UPDATE th223.gatepass_invoice SET updated_on = NOW() , status = 'CANCELLED' WHERE gatepass_id = 11833 AND status = 'CREATED';"
th223,DR0224-25A000126,StockHidden,"UPDATE th223.inward_invoice SET updated_on = NOW(), status = 'DELETED' WHERE id = 113941 AND status = 'StockHidden';","UPDATE th223.gatepass_invoice SET updated_on = NOW() , status = 'CANCELLED' WHERE gatepass_id = 11863 AND status = 'CREATED';"
th411,P0402-25A0000084,StockHidden,"UPDATE th411.inward_invoice SET updated_on = NOW(), status = 'DELETED' WHERE id = 194987 AND status = 'StockHidden';","UPDATE th411.gatepass_invoice SET updated_on = NOW() , status = 'CANCELLED' WHERE gatepass_id = 114174 AND status = 'CREATED';"
th224,DR0428-25A000341,StockHidden,"UPDATE th224.inward_invoice SET updated_on = NOW(), status = 'DELETED' WHERE id = 927344 AND status = 'StockHidden';","UPDATE th224.gatepass_invoice SET updated_on = NOW() , status = 'CANCELLED' WHERE gatepass_id = 1012554 AND status = 'CREATED';"
th223,PD0224-25A004176,StockHidden,"UPDATE th223.inward_invoice SET updated_on = NOW(), status = 'DELETED' WHERE id = 113920 AND status = 'StockHidden';","UPDATE th223.gatepass_invoice SET updated_on = NOW() , status = 'CANCELLED' WHERE gatepass_id = 11842 AND status = 'CREATED';"
th425,DR0224-25A000224,StockHidden,"UPDATE th425.inward_invoice SET updated_on = NOW(), status = 'DELETED' WHERE id = 102612 AND status = 'StockHidden';","UPDATE th425.gatepass_invoice SET updated_on = NOW() , status = 'CANCELLED' WHERE gatepass_id = 112187 AND status = 'CREATED';"
th223,DR0224-25A000169,StockHidden,"UPDATE th223.inward_invoice SET updated_on = NOW(), status = 'DELETED' WHERE id = 113948 AND status = 'StockHidden';","UPDATE th223.gatepass_invoice SET updated_on = NOW() , status = 'CANCELLED' WHERE gatepass_id = 11870 AND status = 'CREATED';"
th224,DR0428-25A000281,StockHidden,"UPDATE th224.inward_invoice SET updated_on = NOW(), status = 'DELETED' WHERE id = 924149 AND status = 'StockHidden';","UPDATE th224.gatepass_invoice SET updated_on = NOW() , status = 'CANCELLED' WHERE gatepass_id = 1005315 AND status = 'CREATED';"
th223,PD0224-25A003993,StockHidden,"UPDATE th223.inward_invoice SET updated_on = NOW(), status = 'DELETED' WHERE id = 113909 AND status = 'StockHidden';","UPDATE th223.gatepass_invoice SET updated_on = NOW() , status = 'CANCELLED' WHERE gatepass_id = 11831 AND status = 'CREATED';"
th223,DR0224-25A000174,StockHidden,"UPDATE th223.inward_invoice SET updated_on = NOW(), status = 'DELETED' WHERE id = 113949 AND status = 'StockHidden';","UPDATE th223.gatepass_invoice SET updated_on = NOW() , status = 'CANCELLED' WHERE gatepass_id = 11871 AND status = 'CREATED';"
th214,PD0413-25A003129,StockHidden,"UPDATE th214.inward_invoice SET updated_on = NOW(), status = 'DELETED' WHERE id = 1061359 AND status = 'StockHidden';","UPDATE th214.gatepass_invoice SET updated_on = NOW() , status = 'CANCELLED' WHERE gatepass_id = 1137576 AND status = 'CREATED';"
th223,PD0224-25A003970,StockHidden,"UPDATE th223.inward_invoice SET updated_on = NOW(), status = 'DELETED' WHERE id = 113908 AND status = 'StockHidden';","UPDATE th223.gatepass_invoice SET updated_on = NOW() , status = 'CANCELLED' WHERE gatepass_id = 11830 AND status = 'CREATED';"
th223,PD0224-25A004034,StockHidden,"UPDATE th223.inward_invoice SET updated_on = NOW(), status = 'DELETED' WHERE id = 113913 AND status = 'StockHidden';","UPDATE th223.gatepass_invoice SET updated_on = NOW() , status = 'CANCELLED' WHERE gatepass_id = 11835 AND status = 'CREATED';"
th223,PD0224-25A004575,StockHidden,"UPDATE th223.inward_invoice SET updated_on = NOW(), status = 'DELETED' WHERE id = 113926 AND status = 'StockHidden';","UPDATE th223.gatepass_invoice SET updated_on = NOW() , status = 'CANCELLED' WHERE gatepass_id = 11848 AND status = 'CREATED';"
th223,DR0224-25A000096,StockHidden,"UPDATE th223.inward_invoice SET updated_on = NOW(), status = 'DELETED' WHERE id = 113940 AND status = 'StockHidden';","UPDATE th223.gatepass_invoice SET updated_on = NOW() , status = 'CANCELLED' WHERE gatepass_id = 11862 AND status = 'CREATED';"
th223,DR0224-25A000161,StockHidden,"UPDATE th223.inward_invoice SET updated_on = NOW(), status = 'DELETED' WHERE id = 113946 AND status = 'StockHidden';","UPDATE th223.gatepass_invoice SET updated_on = NOW() , status = 'CANCELLED' WHERE gatepass_id = 11868 AND status = 'CREATED';"
th223,PD0224-25A004224,StockHidden,"UPDATE th223.inward_invoice SET updated_on = NOW(), status = 'DELETED' WHERE id = 113921 AND status = 'StockHidden';","UPDATE th223.gatepass_invoice SET updated_on = NOW() , status = 'CANCELLED' WHERE gatepass_id = 11843 AND status = 'CREATED';"
th223,DR0224-25A000074,StockHidden,"UPDATE th223.inward_invoice SET updated_on = NOW(), status = 'DELETED' WHERE id = 113937 AND status = 'StockHidden';","UPDATE th223.gatepass_invoice SET updated_on = NOW() , status = 'CANCELLED' WHERE gatepass_id = 11859 AND status = 'CREATED';"
th427,DR0405-25A000012,StockHidden,"UPDATE th427.inward_invoice SET updated_on = NOW(), status = 'DELETED' WHERE id = 175938 AND status = 'StockHidden';","UPDATE th427.gatepass_invoice SET updated_on = NOW() , status = 'CANCELLED' WHERE gatepass_id = 126587 AND status = 'CREATED';"
th223,PD0224-25A004375,StockHidden,"UPDATE th223.inward_invoice SET updated_on = NOW(), status = 'DELETED' WHERE id = 113923 AND status = 'StockHidden';","UPDATE th223.gatepass_invoice SET updated_on = NOW() , status = 'CANCELLED' WHERE gatepass_id = 11845 AND status = 'CREATED';"
th223,DR0224-25A000079,StockHidden,"UPDATE th223.inward_invoice SET updated_on = NOW(), status = 'DELETED' WHERE id = 113939 AND status = 'StockHidden';","UPDATE th223.gatepass_invoice SET updated_on = NOW() , status = 'CANCELLED' WHERE gatepass_id = 11861 AND status = 'CREATED';"
th223,DR0224-25A000076,StockHidden,"UPDATE th223.inward_invoice SET updated_on = NOW(), status = 'DELETED' WHERE id = 113938 AND status = 'StockHidden';","UPDATE th223.gatepass_invoice SET updated_on = NOW() , status = 'CANCELLED' WHERE gatepass_id = 11860 AND status = 'CREATED';"
th223,PD0224-25A004158,StockHidden,"UPDATE th223.inward_invoice SET updated_on = NOW(), status = 'DELETED' WHERE id = 113918 AND status = 'StockHidden';","UPDATE th223.gatepass_invoice SET updated_on = NOW() , status = 'CANCELLED' WHERE gatepass_id = 11840 AND status = 'CREATED';"
th223,PD0224-25A004403,StockHidden,"UPDATE th223.inward_invoice SET updated_on = NOW(), status = 'DELETED' WHERE id = 113924 AND status = 'StockHidden';","UPDATE th223.gatepass_invoice SET updated_on = NOW() , status = 'CANCELLED' WHERE gatepass_id = 11846 AND status = 'CREATED';"
th429,DR0214-25A002389,StockHidden,"UPDATE th429.inward_invoice SET updated_on = NOW(), status = 'DELETED' WHERE id = 136079 AND status = 'StockHidden';","UPDATE th429.gatepass_invoice SET updated_on = NOW() , status = 'CANCELLED' WHERE gatepass_id = 52543 AND status = 'CREATED';"
th401,PD0413-25A003122,StockHidden,"UPDATE th401.inward_invoice SET updated_on = NOW(), status = 'DELETED' WHERE id = 55094 AND status = 'StockHidden';","UPDATE th401.gatepass_invoice SET updated_on = NOW() , status = 'CANCELLED' WHERE gatepass_id = 50547 AND status = 'CREATED';"
th428,DR0224-25A000455,StockHidden,"UPDATE th428.inward_invoice SET updated_on = NOW(), status = 'DELETED' WHERE id = 47029 AND status = 'StockHidden';","UPDATE th428.gatepass_invoice SET updated_on = NOW() , status = 'CANCELLED' WHERE gatepass_id = 52367 AND status = 'CREATED';"
th223,DR0224-25A000244,StockHidden,"UPDATE th223.inward_invoice SET updated_on = NOW(), status = 'DELETED' WHERE id = 113961 AND status = 'StockHidden';","UPDATE th223.gatepass_invoice SET updated_on = NOW() , status = 'CANCELLED' WHERE gatepass_id = 11883 AND status = 'CREATED';"
th223,DR0224-25A000239,StockHidden,"UPDATE th223.inward_invoice SET updated_on = NOW(), status = 'DELETED' WHERE id = 113959 AND status = 'StockHidden';","UPDATE th223.gatepass_invoice SET updated_on = NOW() , status = 'CANCELLED' WHERE gatepass_id = 11881 AND status = 'CREATED';"
th413,PD0214-25A006815,StockHidden,"UPDATE th413.inward_invoice SET updated_on = NOW(), status = 'DELETED' WHERE id = 43618 AND status = 'StockHidden';","UPDATE th413.gatepass_invoice SET updated_on = NOW() , status = 'CANCELLED' WHERE gatepass_id = 32862 AND status = 'CREATED';"
th401,P0413-25A0000172,StockHidden,"UPDATE th401.inward_invoice SET updated_on = NOW(), status = 'DELETED' WHERE id = 55115 AND status = 'StockHidden';","UPDATE th401.gatepass_invoice SET updated_on = NOW() , status = 'CANCELLED' WHERE gatepass_id = 50561 AND status = 'CREATED';"
th223,DR0224-25A000189,StockHidden,"UPDATE th223.inward_invoice SET updated_on = NOW(), status = 'DELETED' WHERE id = 113953 AND status = 'StockHidden';","UPDATE th223.gatepass_invoice SET updated_on = NOW() , status = 'CANCELLED' WHERE gatepass_id = 11875 AND status = 'CREATED';"
th223,PD0224-25A004062,StockHidden,"UPDATE th223.inward_invoice SET updated_on = NOW(), status = 'DELETED' WHERE id = 113914 AND status = 'StockHidden';","UPDATE th223.gatepass_invoice SET updated_on = NOW() , status = 'CANCELLED' WHERE gatepass_id = 11836 AND status = 'CREATED';"
th210,D23T214/11570,StockHidden,"UPDATE th210.inward_invoice SET updated_on = NOW(), status = 'DELETED' WHERE id = 217186 AND status = 'StockHidden';","UPDATE th210.gatepass_invoice SET updated_on = NOW() , status = 'CANCELLED' WHERE gatepass_id = 332131 AND status = 'CREATED';"
th223,DR0224-25A000030,StockHidden,"UPDATE th223.inward_invoice SET updated_on = NOW(), status = 'DELETED' WHERE id = 113934 AND status = 'StockHidden';","UPDATE th223.gatepass_invoice SET updated_on = NOW() , status = 'CANCELLED' WHERE gatepass_id = 11856 AND status = 'CREATED';"
th223,DR0224-25A000181,StockHidden,"UPDATE th223.inward_invoice SET updated_on = NOW(), status = 'DELETED' WHERE id = 113951 AND status = 'StockHidden';","UPDATE th223.gatepass_invoice SET updated_on = NOW() , status = 'CANCELLED' WHERE gatepass_id = 11873 AND status = 'CREATED';"
th425,PD0224-25A004039,StockHidden,"UPDATE th425.inward_invoice SET updated_on = NOW(), status = 'DELETED' WHERE id = 102606 AND status = 'StockHidden';","UPDATE th425.gatepass_invoice SET updated_on = NOW() , status = 'CANCELLED' WHERE gatepass_id = 112174 AND status = 'CREATED';"
th429,DR0435-25A000352,StockHidden,"UPDATE th429.inward_invoice SET updated_on = NOW(), status = 'DELETED' WHERE id = 135614 AND status = 'StockHidden';","UPDATE th429.gatepass_invoice SET updated_on = NOW() , status = 'CANCELLED' WHERE gatepass_id = 51640 AND status = 'CREATED';"
th223,DR0224-25A000135,StockHidden,"UPDATE th223.inward_invoice SET updated_on = NOW(), status = 'DELETED' WHERE id = 113943 AND status = 'StockHidden';","UPDATE th223.gatepass_invoice SET updated_on = NOW() , status = 'CANCELLED' WHERE gatepass_id = 11865 AND status = 'CREATED';"
th435,DR0214-25A001737,StockHidden,"UPDATE th435.inward_invoice SET updated_on = NOW(), status = 'DELETED' WHERE id = 61499 AND status = 'StockHidden';","UPDATE th435.gatepass_invoice SET updated_on = NOW() , status = 'CANCELLED' WHERE gatepass_id = 12655 AND status = 'CREATED';"
th214,PD0413-25A003130,StockHidden,"UPDATE th214.inward_invoice SET updated_on = NOW(), status = 'DELETED' WHERE id = 1061360 AND status = 'StockHidden';","UPDATE th214.gatepass_invoice SET updated_on = NOW() , status = 'CANCELLED' WHERE gatepass_id = 1137577 AND status = 'CREATED';"
th223,PD0224-25A003997,StockHidden,"UPDATE th223.inward_invoice SET updated_on = NOW(), status = 'DELETED' WHERE id = 113910 AND status = 'StockHidden';","UPDATE th223.gatepass_invoice SET updated_on = NOW() , status = 'CANCELLED' WHERE gatepass_id = 11832 AND status = 'CREATED';"
th223,PD0224-25A004159,StockHidden,"UPDATE th223.inward_invoice SET updated_on = NOW(), status = 'DELETED' WHERE id = 113919 AND status = 'StockHidden';","UPDATE th223.gatepass_invoice SET updated_on = NOW() , status = 'CANCELLED' WHERE gatepass_id = 11841 AND status = 'CREATED';"
th411,PD0407-25A000590,StockHidden,"UPDATE th411.inward_invoice SET updated_on = NOW(), status = 'DELETED' WHERE id = 181067 AND status = 'StockHidden';","UPDATE th411.gatepass_invoice SET updated_on = NOW() , status = 'CANCELLED' WHERE gatepass_id = 96350 AND status = 'CREATED';"
th214,P0413-25A0000226,StockHidden,"UPDATE th214.inward_invoice SET updated_on = NOW(), status = 'DELETED' WHERE id = 1061372 AND status = 'StockHidden';","UPDATE th214.gatepass_invoice SET updated_on = NOW() , status = 'CANCELLED' WHERE gatepass_id = 1137610 AND status = 'CREATED';"
th223,PD0224-25A004109,StockHidden,"UPDATE th223.inward_invoice SET updated_on = NOW(), status = 'DELETED' WHERE id = 113916 AND status = 'StockHidden';","UPDATE th223.gatepass_invoice SET updated_on = NOW() , status = 'CANCELLED' WHERE gatepass_id = 11838 AND status = 'CREATED';"
th223,DR0224-25A000024,StockHidden,"UPDATE th223.inward_invoice SET updated_on = NOW(), status = 'DELETED' WHERE id = 113933 AND status = 'StockHidden';","UPDATE th223.gatepass_invoice SET updated_on = NOW() , status = 'CANCELLED' WHERE gatepass_id = 11855 AND status = 'CREATED';"
th223,DR0224-25A000184,StockHidden,"UPDATE th223.inward_invoice SET updated_on = NOW(), status = 'DELETED' WHERE id = 113952 AND status = 'StockHidden';","UPDATE th223.gatepass_invoice SET updated_on = NOW() , status = 'CANCELLED' WHERE gatepass_id = 11874 AND status = 'CREATED';"
th411,PD0214-25A005909,StockHidden,"UPDATE th411.inward_invoice SET updated_on = NOW(), status = 'DELETED' WHERE id = 188364 AND status = 'StockHidden';","UPDATE th411.gatepass_invoice SET updated_on = NOW() , status = 'CANCELLED' WHERE gatepass_id = 105655 AND status = 'CREATED';"
th210,D23T214/12782,StockHidden,"UPDATE th210.inward_invoice SET updated_on = NOW(), status = 'DELETED' WHERE id = 217187 AND status = 'StockHidden';","UPDATE th210.gatepass_invoice SET updated_on = NOW() , status = 'CANCELLED' WHERE gatepass_id = 332132 AND status = 'CREATED';"
th214,P0413-25A0000212,StockHidden,"UPDATE th214.inward_invoice SET updated_on = NOW(), status = 'DELETED' WHERE id = 1061371 AND status = 'StockHidden';","UPDATE th214.gatepass_invoice SET updated_on = NOW() , status = 'CANCELLED' WHERE gatepass_id = 1137608 AND status = 'CREATED';"
th223,PD0224-25A004788,StockHidden,"UPDATE th223.inward_invoice SET updated_on = NOW(), status = 'DELETED' WHERE id = 113927 AND status = 'StockHidden';","UPDATE th223.gatepass_invoice SET updated_on = NOW() , status = 'CANCELLED' WHERE gatepass_id = 11849 AND status = 'CREATED';"
th223,DR0224-25A000242,StockHidden,"UPDATE th223.inward_invoice SET updated_on = NOW(), status = 'DELETED' WHERE id = 113960 AND status = 'StockHidden';","UPDATE th223.gatepass_invoice SET updated_on = NOW() , status = 'CANCELLED' WHERE gatepass_id = 11882 AND status = 'CREATED';"
th411,U0408-25A0000003,StockHidden,"UPDATE th411.inward_invoice SET updated_on = NOW(), status = 'DELETED' WHERE id = 198955 AND status = 'StockHidden';","UPDATE th411.gatepass_invoice SET updated_on = NOW() , status = 'CANCELLED' WHERE gatepass_id = 118870 AND status = 'CREATED';"
th411,U0408-25A0000001,StockHidden,"UPDATE th411.inward_invoice SET updated_on = NOW(), status = 'DELETED' WHERE id = 198951 AND status = 'StockHidden';","UPDATE th411.gatepass_invoice SET updated_on = NOW() , status = 'CANCELLED' WHERE gatepass_id = 118866 AND status = 'CREATED';"
th214,PD0413-25A003126,StockHidden,"UPDATE th214.inward_invoice SET updated_on = NOW(), status = 'DELETED' WHERE id = 1061358 AND status = 'StockHidden';","UPDATE th214.gatepass_invoice SET updated_on = NOW() , status = 'CANCELLED' WHERE gatepass_id = 1137575 AND status = 'CREATED';"
th223,DR0224-25A000052,StockHidden,"UPDATE th223.inward_invoice SET updated_on = NOW(), status = 'DELETED' WHERE id = 113935 AND status = 'StockHidden';","UPDATE th223.gatepass_invoice SET updated_on = NOW() , status = 'CANCELLED' WHERE gatepass_id = 11857 AND status = 'CREATED';"
th425,DR0224-25A000147,StockHidden,"UPDATE th425.inward_invoice SET updated_on = NOW(), status = 'DELETED' WHERE id = 98407 AND status = 'StockHidden';","UPDATE th425.gatepass_invoice SET updated_on = NOW() , status = 'CANCELLED' WHERE gatepass_id = 104457 AND status = 'CREATED';"
th224,PD0428-25A001360,StockHidden,"UPDATE th224.inward_invoice SET updated_on = NOW(), status = 'DELETED' WHERE id = 924053 AND status = 'StockHidden';","UPDATE th224.gatepass_invoice SET updated_on = NOW() , status = 'CANCELLED' WHERE gatepass_id = 1005140 AND status = 'CREATED';"
th223,DR0224-25A000128,StockHidden,"UPDATE th223.inward_invoice SET updated_on = NOW(), status = 'DELETED' WHERE id = 113942 AND status = 'StockHidden';","UPDATE th223.gatepass_invoice SET updated_on = NOW() , status = 'CANCELLED' WHERE gatepass_id = 11864 AND status = 'CREATED';"
th224,DR0428-25A000365,StockHidden,"UPDATE th224.inward_invoice SET updated_on = NOW(), status = 'DELETED' WHERE id = 929669 AND status = 'StockHidden';","UPDATE th224.gatepass_invoice SET updated_on = NOW() , status = 'CANCELLED' WHERE gatepass_id = 1016236 AND status = 'CREATED';"
th223,PD0224-25A004931,StockHidden,"UPDATE th223.inward_invoice SET updated_on = NOW(), status = 'DELETED' WHERE id = 113930 AND status = 'StockHidden';","UPDATE th223.gatepass_invoice SET updated_on = NOW() , status = 'CANCELLED' WHERE gatepass_id = 11852 AND status = 'CREATED';"
th429,DR0421-25A000019,StockHidden,"UPDATE th429.inward_invoice SET updated_on = NOW(), status = 'DELETED' WHERE id = 134286 AND status = 'StockHidden';","UPDATE th429.gatepass_invoice SET updated_on = NOW() , status = 'CANCELLED' WHERE gatepass_id = 49529 AND status = 'CREATED';"
th223,PD0224-25A004114,StockHidden,"UPDATE th223.inward_invoice SET updated_on = NOW(), status = 'DELETED' WHERE id = 113917 AND status = 'StockHidden';","UPDATE th223.gatepass_invoice SET updated_on = NOW() , status = 'CANCELLED' WHERE gatepass_id = 11839 AND status = 'CREATED';"
th411,PD0413-25A003186,StockHidden,"UPDATE th411.inward_invoice SET updated_on = NOW(), status = 'DELETED' WHERE id = 194986 AND status = 'StockHidden';","UPDATE th411.gatepass_invoice SET updated_on = NOW() , status = 'CANCELLED' WHERE gatepass_id = 114164 AND status = 'CREATED';"
th223,PD0224-25A004088,StockHidden,"UPDATE th223.inward_invoice SET updated_on = NOW(), status = 'DELETED' WHERE id = 113915 AND status = 'StockHidden';","UPDATE th223.gatepass_invoice SET updated_on = NOW() , status = 'CANCELLED' WHERE gatepass_id = 11837 AND status = 'CREATED';"
th223,DR0224-25A000198,StockHidden,"UPDATE th223.inward_invoice SET updated_on = NOW(), status = 'DELETED' WHERE id = 113955 AND status = 'StockHidden';","UPDATE th223.gatepass_invoice SET updated_on = NOW() , status = 'CANCELLED' WHERE gatepass_id = 11877 AND status = 'CREATED';"
th223,PD0224-25A004020,StockHidden,"UPDATE th223.inward_invoice SET updated_on = NOW(), status = 'DELETED' WHERE id = 113912 AND status = 'StockHidden';","UPDATE th223.gatepass_invoice SET updated_on = NOW() , status = 'CANCELLED' WHERE gatepass_id = 11834 AND status = 'CREATED';"
th223,DR0224-25A000151,StockHidden,"UPDATE th223.inward_invoice SET updated_on = NOW(), status = 'DELETED' WHERE id = 113944 AND status = 'StockHidden';","UPDATE th223.gatepass_invoice SET updated_on = NOW() , status = 'CANCELLED' WHERE gatepass_id = 11866 AND status = 'CREATED';"
th223,DR0224-25A000196,StockHidden,"UPDATE th223.inward_invoice SET updated_on = NOW(), status = 'DELETED' WHERE id = 113954 AND status = 'StockHidden';","UPDATE th223.gatepass_invoice SET updated_on = NOW() , status = 'CANCELLED' WHERE gatepass_id = 11876 AND status = 'CREATED';"
th223,DR0224-25A000005,StockHidden,"UPDATE th223.inward_invoice SET updated_on = NOW(), status = 'DELETED' WHERE id = 113931 AND status = 'StockHidden';","UPDATE th223.gatepass_invoice SET updated_on = NOW() , status = 'CANCELLED' WHERE gatepass_id = 11853 AND status = 'CREATED';"
th224,PD0428-25A001353,StockHidden,"UPDATE th224.inward_invoice SET updated_on = NOW(), status = 'DELETED' WHERE id = 924051 AND status = 'StockHidden';","UPDATE th224.gatepass_invoice SET updated_on = NOW() , status = 'CANCELLED' WHERE gatepass_id = 1005138 AND status = 'CREATED';"
th223,PD0224-25A004794,StockHidden,"UPDATE th223.inward_invoice SET updated_on = NOW(), status = 'DELETED' WHERE id = 113928 AND status = 'StockHidden';","UPDATE th223.gatepass_invoice SET updated_on = NOW() , status = 'CANCELLED' WHERE gatepass_id = 11850 AND status = 'CREATED';"
th223,PD0224-25A004226,StockHidden,"UPDATE th223.inward_invoice SET updated_on = NOW(), status = 'DELETED' WHERE id = 113922 AND status = 'StockHidden';","UPDATE th223.gatepass_invoice SET updated_on = NOW() , status = 'CANCELLED' WHERE gatepass_id = 11844 AND status = 'CREATED';"
th427,PD0411-25A001648,StockHidden,"UPDATE th427.inward_invoice SET updated_on = NOW(), status = 'DELETED' WHERE id = 175725 AND status = 'StockHidden';","UPDATE th427.gatepass_invoice SET updated_on = NOW() , status = 'CANCELLED' WHERE gatepass_id = 126375 AND status = 'CREATED';"
th223,DR0224-25A000156,StockHidden,"UPDATE th223.inward_invoice SET updated_on = NOW(), status = 'DELETED' WHERE id = 113945 AND status = 'StockHidden';","UPDATE th223.gatepass_invoice SET updated_on = NOW() , status = 'CANCELLED' WHERE gatepass_id = 11867 AND status = 'CREATED';"
th214,PD0413-25A003189,StockHidden,"UPDATE th214.inward_invoice SET updated_on = NOW(), status = 'DELETED' WHERE id = 1061361 AND status = 'StockHidden';","UPDATE th214.gatepass_invoice SET updated_on = NOW() , status = 'CANCELLED' WHERE gatepass_id = 1137584 AND status = 'CREATED';"
th405,PD0205-25A002859,StockHidden,"UPDATE th405.inward_invoice SET updated_on = NOW(), status = 'DELETED' WHERE id = 34244 AND status = 'StockHidden';","UPDATE th405.gatepass_invoice SET updated_on = NOW() , status = 'CANCELLED' WHERE gatepass_id = 41893 AND status = 'CREATED';"
th223,DR0224-25A000248,StockHidden,"UPDATE th223.inward_invoice SET updated_on = NOW(), status = 'DELETED' WHERE id = 113962 AND status = 'StockHidden';","UPDATE th223.gatepass_invoice SET updated_on = NOW() , status = 'CANCELLED' WHERE gatepass_id = 11884 AND status = 'CREATED';"
th223,DR0224-25A000020,StockHidden,"UPDATE th223.inward_invoice SET updated_on = NOW(), status = 'DELETED' WHERE id = 113932 AND status = 'StockHidden';","UPDATE th223.gatepass_invoice SET updated_on = NOW() , status = 'CANCELLED' WHERE gatepass_id = 11854 AND status = 'CREATED';"
th223,DR0224-25A000220,StockHidden,"UPDATE th223.inward_invoice SET updated_on = NOW(), status = 'DELETED' WHERE id = 113956 AND status = 'StockHidden';","UPDATE th223.gatepass_invoice SET updated_on = NOW() , status = 'CANCELLED' WHERE gatepass_id = 11878 AND status = 'CREATED';"
